,Accuracy (Test),Precision_macro (Test),Recall_macro (Test),F1_macro (Test),AUC_macro (Test)
Naive Bayes,0.7235984354628422,0.6984580224018435,0.7363583564393649,0.6980084836336813,0.9084472621856575
Random Forest,0.9286179921773142,0.9136385274754311,0.9395218747708513,0.9229896704324932,0.9809576600732369
Decision Tree,0.9268796175575836,0.9092341568345006,0.9399679632672542,0.9212440694896324,0.9563668522384011
LightGBM,0.9333985223815733,0.9179613758561128,0.944965309547389,0.9281617081020976,0.9839995176732188
